,ID,ID,ID,ID,ID,ID,ID,ID,ID,ID,ID,ID,ID,ID,ID,ID,ID,ID,ID,ID,ID,ID,ID,ID,ID,ID,ID,ID,ID,ID,ID,ID,ID,ID,ID,ID,ID,ID,ID,ID,ID,ID,ID,ID,ID,ID,ID,ID,ID,ID,ID,ID,ID,ID,ID,ID,ID,ID,ID,ID,ID,ID,ID,ID,ID,ID,ID,ID,ID,ID,ID,ID,ID,ID,ID,ID,ID,ID,ID,ID,ID,ID,ID,ID,ID,ID,ID,ID,ID,ID,ID,ID,ID,ID,ID,ID,ID,ID,ID,ID
0,Sim,Sim,Sim,Sim,Sim,Sim,Sim,Sim,Sim,Sim,Sim,Sim,Sim,Sim,Sim,Sim,Sim,Sim,Sim,Sim,Sim,Sim,Sim,Sim,Sim,Sim,Sim,Sim,Sim,Sim,Sim,Sim,Sim,Sim,Sim,Sim,Sim,Sim,Sim,Sim,Sim,Sim,Sim,Sim,Sim,Sim,Sim,Sim,Sim,Sim,Sim,Sim,Sim,Sim,Sim,Sim,Sim,Sim,Sim,Sim,Sim,Sim,Sim,Sim,Sim,Sim,Sim,Sim,Sim,Sim,Sim,Sim,Sim,Sim,Sim,Sim,Sim,Sim,Sim,Sim,Sim,Sim,Sim,Sim,Sim,Sim,Sim,Sim,Sim,Sim,Sim,Sim,Sim,Sim,Sim,Sim,Sim,Sim,Sim,Sim
1,58.7,31.0,32.56,17.54,18.63,13.46,281.7,61.58,109.6,116.3,123.3,123.7,34.74,20.46,107.2,224.1,25.66,7.524,14.38,9.42,58.83,31.68,27.97,65.44,20.06,137.2,45.03,7.293,150.6,140.7,22.02,31.61,71.89,126.3,10.76,50.17,118.1,38.12,10.4,42.44,128.4,33.65,88.52,75.28,95.96,58.61,49.9,12.26,24.73,94.81,24.32,24.09,25.16,48.71,83.93,20.41,35.19,149.9,140.8,31.22,45.14,108.8,103.9,70.39,123.7,57.55,66.61,52.04,18.06,39.79,27.16,49.79,114.1,88.27,43.16,29.71,224.3,8.936,55.02,8.508,0.9059,184.1,200.5,49.89,24.54,107.6,10.44,58.93,50.71,35.35,118.7,87.8,90.43,125.5,31.41,59.05,86.17,72.43,61.69,38.36
2,56.75,48.63,26.17,20.8,17.08,14.71,251.5,64.65,168.3,115.8,101.6,102.5,181.9,96.32,85.06,203.5,14.79,4.263,21.42,9.706,51.94,33.36,27.42,59.34,15.61,130.4,41.44,5.722,144.4,144.9,17.21,30.65,73.89,129.5,60.85,39.21,120.9,38.81,45.57,19.43,123.1,35.86,88.18,46.98,72.65,60.43,36.82,15.29,23.22,111.6,23.36,21.02,94.32,48.12,57.04,20.52,35.54,172.4,147.7,23.2,40.39,115.6,100.5,81.52,77.9,205.8,67.15,51.6,14.67,33.17,23.21,51.84,91.42,123.2,34.35,53.91,191.0,130.0,135.0,4.639,7.39,165.6,221.6,32.73,22.67,101.4,9.592,114.2,39.74,113.2,120.6,68.1,75.79,203.6,78.8,62.15,137.8,88.1,112.2,40.86
3,105.0,215.4,63.85,22.59,98.71,275.5,224.5,260.0,266.1,203.6,119.3,84.91,183.6,124.7,107.5,218.7,157.9,162.5,118.2,181.3,147.9,50.71,233.1,101.3,86.3,183.3,93.97,118.8,179.0,173.3,78.89,193.7,203.2,152.1,107.7,123.0,192.1,163.8,128.1,20.47,223.2,185.0,86.84,50.93,100.5,198.8,118.6,188.1,149.0,153.5,150.5,159.4,81.23,188.6,52.51,97.28,48.2,238.0,224.9,184.3,107.1,253.6,194.2,161.9,68.43,116.5,181.2,58.99,148.1,77.58,101.2,176.2,92.95,208.7,123.0,189.3,168.7,106.6,221.7,44.87,149.8,215.3,247.1,131.2,30.33,160.7,189.5,298.2,61.07,103.3,148.3,48.45,188.5,218.7,272.4,188.4,319.6,184.1,170.3,158.9
4,225.9,142.6,192.8,374.8,239.1,78.86,212.8,150.9,107.8,119.7,169.0,73.68,86.68,58.98,146.3,181.7,117.4,95.41,77.97,88.04,88.43,169.8,111.1,221.6,344.8,257.2,261.3,192.6,235.9,221.8,222.6,158.0,197.9,342.7,59.35,122.3,237.7,101.4,43.32,242.6,121.9,102.7,228.0,204.7,122.5,124.5,135.9,184.5,143.9,55.59,148.4,140.0,49.6,86.79,160.8,238.3,370.5,91.09,84.94,135.5,285.4,124.7,140.5,78.85,99.39,83.91,149.7,141.8,147.2,233.2,108.9,150.4,167.4,84.42,99.95,82.82,147.2,50.54,86.6,190.6,96.34,261.0,136.1,103.1,163.6,155.8,136.7,63.26,157.4,57.13,271.6,83.5,200.5,115.3,68.33,128.9,99.24,92.83,55.77,75.12
5,261.6,226.2,238.7,287.6,216.6,213.7,205.4,175.8,120.5,138.7,175.7,70.76,235.5,185.4,182.2,168.5,222.3,213.5,237.7,42.4,78.74,187.5,193.8,244.1,214.6,131.8,253.8,18.65,152.2,116.4,227.1,119.0,215.3,131.1,234.4,216.1,182.8,236.1,194.9,226.2,134.4,241.3,175.1,242.8,156.9,260.2,242.7,216.1,46.73,129.8,230.3,207.4,232.0,89.65,309.8,157.1,256.5,92.1,124.1,227.6,220.6,113.8,128.9,231.3,137.5,247.6,122.5,103.7,222.7,217.3,213.3,246.5,179.3,113.4,166.8,211.7,138.1,229.8,227.1,202.9,210.0,139.9,158.0,184.4,44.62,107.6,228.9,76.88,218.1,230.7,148.0,154.3,146.5,158.4,157.5,126.3,145.7,159.5,67.18,194.0
6,114.4,40.28,60.89,50.32,36.07,50.46,185.0,83.95,95.63,152.7,136.1,68.92,62.26,34.43,163.9,162.4,39.39,109.2,262.0,17.3,65.16,142.1,79.07,89.83,39.78,107.9,80.42,4.725,121.0,101.7,34.23,50.85,114.5,114.5,92.29,123.5,135.4,168.1,77.88,88.13,140.2,38.55,133.9,121.4,158.9,138.3,103.9,37.86,21.1,73.72,248.5,48.07,230.5,62.5,123.4,27.84,85.6,49.73,107.4,43.11,34.31,105.2,122.5,90.34,190.4,71.61,147.6,67.66,33.97,50.18,166.8,128.2,133.8,84.62,124.1,64.06,130.1,104.5,73.37,138.1,68.68,121.2,138.9,118.7,27.76,92.12,162.5,48.19,170.5,209.9,135.0,161.0,53.73,146.5,33.19,90.86,74.22,85.2,54.04,124.8
7,237.5,52.44,111.1,104.1,67.92,26.62,165.6,95.68,97.33,331.9,139.9,64.78,117.5,35.22,105.9,174.5,26.63,254.9,480.3,66.8,83.37,283.2,60.72,129.1,54.86,195.2,147.4,5.361,151.3,172.3,36.54,108.7,247.8,112.7,211.4,131.7,210.6,327.8,208.5,51.62,266.4,33.57,123.3,61.91,120.9,250.9,112.4,29.35,23.1,61.02,428.5,71.71,368.8,143.5,95.49,34.89,86.66,51.64,89.85,61.59,42.35,190.7,279.1,43.8,268.7,76.56,332.3,63.53,42.23,82.95,271.1,134.3,104.6,145.4,89.08,107.4,123.3,250.8,91.34,254.6,211.8,155.7,219.4,52.99,38.95,99.98,378.9,47.17,196.9,338.4,260.3,134.4,44.93,280.9,40.88,135.2,75.41,166.4,122.1,266.0
8,806.9,642.9,745.0,846.2,744.1,678.0,214.3,574.5,443.0,729.6,425.2,137.6,770.0,618.2,352.6,315.8,642.6,807.3,1021.0,400.2,401.3,761.0,646.9,705.7,725.0,539.4,779.3,274.4,511.0,456.5,706.2,565.4,743.0,379.1,805.3,656.0,624.3,889.2,716.5,607.2,523.2,663.9,470.9,574.1,389.7,839.7,740.9,676.1,353.7,512.0,960.6,652.6,998.8,507.3,661.3,603.0,682.5,356.7,455.4,717.1,658.2,468.5,676.6,665.7,590.9,693.3,756.7,310.6,705.9,705.9,846.9,649.3,327.2,483.1,561.8,664.5,200.7,810.8,683.5,838.1,794.4,443.4,564.3,577.4,328.3,347.6,902.0,385.0,746.3,915.6,608.3,401.2,549.3,689.0,560.9,548.8,476.1,598.6,416.7,766.6
9,202.5,144.7,143.4,88.51,83.81,118.6,202.4,232.4,118.8,232.3,287.6,191.1,79.52,112.8,371.9,276.9,177.7,171.0,190.7,101.4,205.9,351.0,168.2,162.8,98.47,269.4,130.6,85.49,213.0,129.2,109.2,118.5,139.9,170.5,191.5,307.8,223.9,259.5,108.3,236.6,183.9,179.8,353.6,305.6,439.7,248.5,212.1,129.4,76.37,286.7,285.4,153.7,347.0,147.2,262.7,118.3,252.0,171.5,305.1,117.3,99.62,243.5,334.3,172.8,668.1,172.1,192.0,295.0,122.9,82.53,349.9,369.7,314.9,184.2,299.3,159.1,240.2,236.8,151.2,289.1,79.95,272.2,319.9,297.2,107.6,295.8,131.8,91.66,444.0,319.3,211.5,396.6,115.9,234.2,132.3,278.6,173.7,164.2,145.0,285.4
10,49.7,29.78,18.9,12.32,10.5,22.29,178.7,67.99,91.55,92.44,166.0,182.8,20.33,19.91,164.3,234.9,13.76,13.93,18.73,8.732,65.39,40.31,34.4,39.39,12.75,106.1,29.91,6.396,126.1,103.6,15.98,28.4,67.25,109.2,10.84,69.05,112.7,54.38,8.359,47.48,137.8,15.62,135.9,78.01,190.2,45.64,41.57,17.99,21.65,91.06,24.39,13.44,37.52,39.39,64.7,19.08,36.48,79.05,159.9,13.49,26.43,92.8,97.38,48.37,456.0,35.37,62.65,109.7,16.67,20.16,54.19,69.24,154.5,74.32,84.69,23.97,238.4,9.63,38.73,50.0,1.061,151.6,158.8,60.01,26.19,116.2,7.153,44.1,109.7,34.57,98.75,189.2,43.8,105.5,24.82,66.14,65.68,47.6,51.25,34.92
11,51.63,30.95,18.14,14.5,12.35,10.11,166.8,57.89,95.2,131.1,108.1,149.7,27.39,11.35,79.42,207.8,11.98,27.44,77.38,9.816,44.22,70.83,16.47,37.29,12.92,115.4,29.62,6.61,115.1,118.7,16.94,29.17,74.56,110.0,20.2,37.55,112.3,55.56,7.616,15.62,144.1,15.84,81.28,39.33,91.95,52.75,31.04,20.29,23.4,55.38,74.67,15.48,77.09,60.74,41.74,18.2,28.91,102.3,113.3,12.75,25.84,125.2,147.9,29.18,235.0,35.57,106.9,50.31,17.96,19.5,50.86,40.24,102.3,77.79,31.89,26.84,226.0,28.82,38.53,20.12,10.11,147.6,159.1,17.86,24.83,79.58,44.15,45.73,44.78,79.61,119.0,112.5,40.39,140.8,26.91,52.8,65.47,47.79,73.81,55.33
12,49.66,26.5,15.87,9.952,8.769,11.51,159.4,54.94,89.32,81.2,79.96,116.9,18.2,6.843,43.79,180.0,10.13,8.227,9.928,9.15,37.44,41.51,16.86,30.3,7.85,103.5,25.98,5.066,103.7,120.4,14.05,25.68,66.5,103.9,11.67,30.72,106.2,52.25,9.829,13.27,118.5,10.59,69.07,38.53,45.15,43.52,31.69,17.7,20.82,41.83,15.88,12.29,52.82,35.35,39.9,17.05,27.45,120.3,78.24,11.59,19.84,92.73,103.5,30.54,143.8,37.46,57.74,41.86,13.32,16.46,48.31,38.29,77.67,69.21,20.75,23.19,200.8,20.82,33.57,29.97,2.536,116.4,133.9,18.71,20.66,82.17,7.586,41.97,42.62,32.77,96.01,74.31,34.95,101.6,23.13,57.48,61.21,43.07,60.18,34.01
13,43.75,23.73,12.31,7.33,6.623,8.063,151.6,49.3,83.37,67.7,64.43,85.72,15.1,4.904,33.66,158.8,6.838,2.888,5.624,7.802,33.5,26.63,12.33,24.44,5.094,83.75,22.22,2.689,92.22,117.0,11.53,23.56,62.4,98.86,5.254,26.26,100.2,30.35,3.629,10.37,109.4,6.985,63.34,34.85,29.5,34.28,27.12,14.88,18.59,22.54,11.38,9.842,10.13,31.17,25.71,14.39,22.82,110.3,50.94,8.153,16.19,84.44,89.85,22.92,92.87,26.78,50.46,37.8,10.72,11.64,21.3,33.39,64.26,63.06,18.42,20.76,162.9,6.82,26.68,5.292,0.3647,98.05,108.0,16.83,18.16,65.19,3.532,37.95,25.93,15.01,87.59,49.5,27.53,86.21,19.7,45.67,55.86,37.76,42.88,20.51
14,41.76,22.39,10.64,6.267,5.566,7.358,141.7,46.43,78.88,60.19,54.73,60.49,13.31,2.863,27.69,141.2,6.098,1.88,4.481,7.411,30.17,25.27,10.75,20.36,3.737,74.01,19.96,2.07,82.92,111.3,10.92,24.68,59.85,94.04,4.701,23.26,95.39,28.54,3.255,8.515,101.1,5.334,58.75,32.57,22.32,31.3,25.47,13.95,17.61,14.39,10.06,8.627,6.888,28.6,19.73,13.5,21.05,102.2,34.74,6.796,13.55,79.73,82.14,19.49,58.45,24.06,47.44,33.39,9.425,9.5,18.44,30.42,55.84,58.63,15.58,19.49,140.0,6.435,23.71,2.558,0.2876,84.11,91.47,15.93,16.98,56.39,2.92,35.17,17.63,11.8,82.3,34.87,22.42,79.84,18.17,42.92,51.93,33.82,39.56,17.87
15,116.0,177.4,89.71,64.15,59.72,424.0,138.3,154.1,446.6,202.7,65.51,49.51,456.2,434.6,57.5,162.1,187.1,200.1,211.2,186.7,161.2,83.88,253.1,112.8,70.95,99.68,79.24,114.5,173.2,150.4,103.9,167.3,177.6,131.0,253.9,113.5,210.0,185.0,290.3,22.32,230.9,236.5,55.33,64.5,47.02,188.9,131.6,186.4,214.8,239.1,159.2,216.6,194.5,234.3,58.0,87.95,23.6,264.0,201.2,157.3,118.9,189.7,161.5,305.6,41.87,450.7,124.1,32.16,229.8,75.78,117.2,92.82,69.39,288.0,124.6,257.8,119.8,308.8,311.1,25.88,160.8,132.6,285.9,102.4,61.78,97.29,239.6,484.0,51.16,237.3,86.53,33.66,118.6,292.5,356.3,117.1,282.5,255.6,233.9,182.8
16,446.6,596.8,453.7,741.2,627.7,303.8,160.9,487.5,253.7,158.5,238.4,80.69,233.4,260.2,316.3,162.4,474.4,298.9,215.6,271.1,227.6,298.7,328.7,471.0,694.5,399.7,541.5,463.4,333.1,366.4,614.2,399.8,429.9,589.8,233.0,349.9,392.4,275.2,188.4,554.0,164.7,481.2,296.6,485.0,234.6,350.5,376.5,564.9,370.3,214.0,300.0,399.9,155.0,157.2,381.3,579.5,639.2,246.2,340.4,539.2,720.4,267.5,272.3,336.7,110.0,200.1,317.9,159.3,480.5,592.6,286.5,436.8,300.0,210.2,308.3,332.7,125.4,201.7,346.3,375.6,371.2,389.0,167.2,396.5,356.3,266.2,299.8,211.5,289.3,173.4,372.5,134.3,583.7,185.2,360.9,350.7,472.8,226.3,143.7,226.6
17,286.5,224.8,259.6,290.6,231.3,264.7,164.8,202.5,118.4,158.3,215.4,108.2,256.7,234.7,322.3,156.2,245.3,255.0,307.7,74.9,138.2,222.9,246.6,234.6,223.5,147.1,265.5,41.21,158.1,129.1,253.2,157.3,258.3,118.8,255.1,263.3,199.7,293.4,246.3,305.3,205.1,252.1,270.3,343.6,289.7,261.4,297.2,224.3,66.76,216.1,273.2,212.0,258.4,108.0,378.8,173.4,284.9,91.96,165.6,258.6,217.5,112.8,148.8,282.6,217.4,247.9,175.5,168.5,249.9,249.9,247.4,293.5,305.9,128.2,275.7,217.2,134.2,261.0,232.8,291.7,258.7,120.3,155.1,302.0,68.28,144.4,296.0,83.07,312.6,251.0,159.5,297.4,167.8,167.2,175.2,177.7,150.4,169.1,78.24,209.1
18,433.9,329.0,385.1,427.1,345.8,304.2,177.3,303.4,152.2,328.6,278.5,153.4,362.0,288.4,295.2,197.5,336.4,433.8,577.6,143.3,159.9,437.3,306.9,382.9,355.3,240.8,399.9,64.36,229.4,169.3,335.8,272.6,358.1,137.3,458.3,384.4,325.5,481.1,355.1,332.9,283.7,369.5,242.5,339.1,319.3,467.7,385.5,344.3,91.77,266.3,572.4,349.5,591.1,202.0,399.7,262.9,394.2,146.7,247.7,337.2,308.0,199.4,344.7,315.6,380.8,363.3,350.5,136.8,350.2,307.9,485.8,402.4,282.8,203.1,331.1,356.7,171.2,472.1,353.9,433.7,381.9,193.5,271.3,331.6,115.4,135.4,468.0,112.9,422.9,545.0,269.5,328.3,206.7,307.0,249.9,251.0,197.0,285.0,147.7,423.4
19,282.4,131.7,188.8,187.4,138.9,131.8,177.5,175.9,103.8,334.1,245.7,158.1,166.1,129.4,237.7,217.6,129.7,320.9,494.8,81.51,132.0,398.4,170.5,190.9,136.0,229.8,214.6,35.38,179.0,144.0,136.5,150.1,249.9,114.2,291.3,267.7,218.5,417.0,216.7,177.8,259.5,137.7,227.6,202.0,286.3,333.6,229.1,125.2,55.35,225.3,510.0,145.7,512.0,181.2,212.2,106.8,193.6,93.25,234.6,141.6,115.0,205.4,340.2,155.9,519.8,157.7,330.7,160.4,136.4,136.6,426.7,264.7,219.9,155.6,233.2,173.7,205.4,339.2,165.0,390.1,236.8,197.0,277.3,222.8,62.93,168.9,384.0,67.03,398.3,466.7,255.8,297.0,121.8,295.4,107.9,219.9,112.8,180.5,137.0,373.8
20,354.6,282.9,330.6,405.1,333.9,300.3,195.4,296.8,211.8,415.3,276.7,171.9,350.7,260.0,250.1,261.0,289.7,365.9,615.0,162.6,192.8,443.3,296.8,341.8,334.2,275.6,341.9,113.7,277.9,207.0,296.2,267.9,344.1,204.4,360.7,316.2,311.4,471.7,303.3,295.5,329.7,317.9,251.9,301.5,297.6,379.2,335.7,311.0,162.1,336.1,596.4,302.3,582.1,230.5,357.1,273.8,339.4,168.4,348.2,329.6,303.8,259.9,416.6,305.4,614.0,326.0,421.8,171.3,331.1,312.4,459.6,333.1,242.8,236.6,290.0,310.7,244.3,375.5,330.3,431.6,331.0,275.8,337.1,282.6,146.4,199.6,468.3,171.1,409.2,526.5,310.5,297.7,277.3,354.0,268.7,257.9,239.0,272.7,185.9,424.2
21,236.6,200.5,216.3,262.3,194.3,202.1,201.0,212.2,140.5,269.0,227.3,163.3,206.7,183.7,252.2,236.6,207.3,210.9,343.6,86.98,134.9,257.6,210.7,225.4,202.8,195.4,228.3,63.18,215.7,136.0,206.3,163.4,232.5,144.1,216.9,226.4,217.2,277.0,175.0,218.2,201.0,225.1,205.2,251.3,271.8,230.2,239.1,201.8,86.41,291.2,337.9,189.7,347.7,135.4,272.8,167.4,240.1,140.6,294.9,204.0,202.4,166.6,280.5,225.4,555.4,219.0,249.6,139.7,212.2,194.2,277.2,249.2,210.5,155.5,225.7,195.6,251.8,215.9,218.4,258.7,188.1,228.3,258.9,239.4,84.22,164.3,231.9,110.2,282.2,300.7,183.8,255.8,195.5,224.6,171.4,177.4,170.1,175.3,111.9,241.8
22,109.3,95.95,84.77,146.2,91.88,79.65,197.1,117.0,102.2,146.4,171.9,135.5,105.6,91.33,172.5,214.3,74.27,86.75,138.2,27.0,86.2,102.1,89.04,125.3,101.4,128.8,102.9,17.82,159.2,113.3,79.11,88.22,140.1,111.8,91.96,129.2,146.3,106.8,72.81,99.8,156.6,96.23,133.0,126.7,182.2,106.2,100.3,91.49,38.54,180.0,143.4,81.82,141.4,66.41,139.8,72.66,96.81,107.1,224.1,88.15,108.0,108.5,161.2,102.9,381.7,103.4,115.6,88.82,96.82,94.83,114.4,126.0,165.7,96.03,123.1,90.38,226.5,77.32,116.6,92.58,77.95,184.9,201.9,116.4,39.01,114.2,96.08,59.96,136.5,136.1,112.7,183.3,116.8,134.7,76.99,88.92,93.96,93.25,62.31,104.9
23,259.2,201.5,236.8,220.3,193.2,209.3,201.6,239.8,217.8,263.0,209.6,133.7,193.2,183.6,199.1,216.3,229.8,224.4,209.8,146.8,177.0,236.3,217.8,255.5,195.3,265.8,249.1,159.0,280.9,247.6,232.2,210.4,251.4,259.8,228.1,231.6,268.2,255.0,211.9,214.0,205.4,248.0,166.8,241.8,200.0,251.5,265.5,212.2,190.9,311.3,199.9,222.9,234.9,205.3,296.8,185.8,236.9,276.2,342.1,231.9,217.1,238.8,301.8,249.8,300.3,245.7,218.1,100.6,228.9,222.4,240.8,237.4,203.4,222.8,204.4,216.8,222.9,198.4,225.5,216.7,190.5,338.2,340.8,216.2,172.9,189.1,181.8,195.7,217.4,243.3,210.8,184.5,266.4,243.3,194.7,206.8,208.6,225.0,186.4,224.6
24,52.57,26.55,20.95,12.95,12.71,26.7,186.7,72.51,94.38,91.03,133.3,122.0,26.89,25.59,151.3,189.2,15.86,9.284,9.972,9.13,79.47,32.15,40.99,51.83,17.89,116.1,31.65,7.02,136.2,129.7,17.66,47.65,68.21,104.6,10.93,80.03,115.9,44.84,9.963,54.78,127.5,25.19,128.9,92.96,150.1,44.25,54.29,21.76,22.6,113.6,13.9,16.41,25.16,39.76,87.36,18.76,36.24,147.9,148.2,20.79,33.7,94.13,118.0,62.96,201.1,41.19,53.26,91.07,19.75,27.89,46.77,73.22,137.4,76.5,91.4,24.73,190.1,8.157,45.58,44.54,1.157,154.4,172.3,80.96,22.86,126.6,5.435,46.66,98.97,30.17,93.8,139.4,74.01,102.6,24.81,70.73,69.89,59.54,52.85,38.17
25,50.26,26.13,18.94,11.73,11.71,9.501,170.3,62.56,94.7,85.04,99.66,108.8,36.76,10.25,90.13,171.6,9.843,5.282,8.021,8.798,47.38,24.6,18.7,45.48,13.68,104.4,29.69,4.479,122.5,128.2,13.16,43.2,65.46,103.0,7.236,38.77,112.3,28.14,4.311,15.52,118.3,21.08,84.65,41.11,93.11,41.23,31.83,19.27,21.32,65.61,13.45,15.49,15.24,37.67,54.91,16.13,28.18,133.3,100.9,17.82,31.02,93.15,106.9,31.93,134.4,40.76,51.38,51.42,17.47,23.29,23.63,43.22,97.75,74.53,35.81,24.63,161.0,8.187,40.19,5.063,0.6745,134.1,152.0,23.1,20.05,83.44,4.62,45.97,35.21,22.58,93.42,92.06,61.64,98.84,24.61,50.93,68.95,57.8,50.43,30.99
26,54.61,26.74,18.51,16.27,10.89,9.236,163.2,61.66,98.7,84.56,83.65,95.0,36.66,8.917,57.1,161.3,9.715,3.634,12.54,8.851,40.91,27.78,18.11,44.2,10.76,98.94,29.18,3.594,118.1,139.2,16.73,40.97,66.36,103.8,15.16,31.69,115.7,28.41,8.684,10.43,114.1,20.54,73.02,39.67,56.9,45.23,35.28,19.14,22.16,53.44,13.1,15.02,36.34,37.26,47.4,16.14,28.48,132.2,73.01,16.74,29.13,94.06,101.6,41.58,86.74,72.85,51.33,45.22,16.25,23.87,25.14,40.87,77.18,77.42,22.22,28.38,149.7,25.03,38.48,3.174,0.5389,120.9,148.3,20.69,21.94,76.42,4.209,47.08,22.14,21.82,94.62,68.6,52.32,102.5,26.32,51.84,69.66,60.26,58.86,31.19
27,77.15,202.4,70.53,43.6,54.32,359.6,156.5,213.0,436.0,232.8,78.21,87.47,669.1,616.2,92.79,175.2,154.4,102.5,128.6,145.0,152.6,58.85,210.1,75.87,22.56,134.4,65.78,83.61,159.6,144.8,50.77,127.6,128.3,123.5,388.3,109.9,173.2,221.0,430.5,17.88,197.3,239.5,69.48,53.99,124.4,173.2,111.2,161.9,117.7,542.1,107.8,175.3,324.6,197.6,59.72,66.53,38.55,472.5,379.7,100.6,50.06,274.8,184.9,447.9,65.07,665.8,91.94,51.6,125.8,45.52,116.8,157.1,71.06,412.7,289.6,284.1,143.9,465.3,382.5,19.66,130.3,157.0,449.3,212.8,43.82,142.1,108.3,486.1,47.01,378.0,98.23,46.42,106.5,464.8,410.7,186.2,447.2,280.7,403.6,184.7
28,638.9,814.5,650.3,928.5,800.2,636.4,201.5,770.9,619.9,356.8,382.3,141.0,300.6,321.9,522.8,240.7,758.4,547.3,409.4,648.5,480.4,427.0,709.0,733.4,1076.0,584.7,779.4,837.9,581.4,538.0,874.4,812.0,753.9,658.0,268.3,528.9,658.4,404.3,238.0,487.5,392.2,723.8,242.6,420.0,373.1,517.0,588.8,866.4,789.1,227.3,558.6,723.1,195.0,454.7,230.0,804.3,705.6,344.6,546.7,828.3,1032.0,460.5,483.3,413.3,164.2,224.3,551.0,208.7,814.4,812.4,435.7,596.8,280.5,358.7,371.8,556.2,174.7,230.7,576.2,484.0,628.4,653.2,249.5,527.3,460.3,443.7,648.5,592.9,374.5,203.2,578.6,125.1,884.2,275.8,627.8,529.6,620.9,431.7,263.9,391.6
29,425.0,365.0,448.1,605.6,469.0,358.2,218.5,327.4,167.8,211.9,364.8,190.2,378.3,314.6,415.2,211.7,367.9,363.0,380.1,123.4,191.8,363.6,338.6,410.7,404.2,264.2,451.9,111.7,261.4,167.5,419.3,268.3,328.5,249.8,394.4,383.1,322.9,367.6,321.6,705.9,215.7,410.0,548.0,684.7,363.7,403.2,430.5,372.7,119.9,318.4,386.2,336.3,379.3,151.9,933.8,378.4,697.8,144.7,223.0,403.1,373.7,157.7,242.5,375.5,308.1,381.0,225.5,295.2,387.5,381.2,342.2,442.2,515.5,183.3,330.6,342.0,195.5,389.3,373.8,454.4,365.4,237.0,227.4,362.2,194.7,202.5,381.3,131.7,434.7,370.7,242.4,480.4,309.4,231.1,276.6,240.8,234.3,272.5,111.1,332.5
30,139.1,60.69,79.64,89.06,65.96,72.92,216.9,118.8,93.49,155.4,257.1,185.9,97.32,77.03,257.3,206.8,56.14,120.9,275.8,23.35,107.2,132.7,99.97,138.4,75.62,120.2,97.41,12.76,152.8,112.8,53.74,88.19,139.3,107.8,109.2,180.8,155.2,171.0,97.61,132.2,188.3,76.71,214.7,179.1,264.1,155.5,121.5,65.29,29.36,150.1,244.7,56.99,220.9,71.59,198.6,45.8,104.0,59.14,170.7,72.58,63.41,103.9,120.7,119.5,315.5,84.18,151.5,140.4,59.36,87.2,177.3,184.1,300.9,89.11,176.9,64.67,204.5,119.6,98.13,157.7,89.05,147.4,150.7,166.8,40.71,128.8,179.9,48.48,226.4,185.4,132.3,313.7,89.36,143.4,41.59,115.9,82.57,98.94,61.15,131.5
31,1004.0,780.8,954.7,1085.0,927.5,797.5,276.3,633.6,436.4,839.2,523.3,248.1,993.8,736.1,503.9,349.7,794.8,994.0,1301.0,457.7,428.4,914.6,758.7,944.6,906.0,599.5,980.3,290.5,591.3,501.0,823.9,723.5,899.9,401.8,1004.0,680.5,732.3,1043.0,898.8,749.6,649.1,877.9,499.0,704.4,456.8,993.9,910.6,815.7,356.5,603.3,1296.0,850.8,1189.0,537.3,823.0,696.6,800.1,402.4,520.8,917.6,844.7,520.5,848.1,789.0,586.6,898.3,898.1,311.8,881.9,875.2,928.0,681.7,416.7,559.2,665.8,853.8,293.9,1040.0,865.8,961.6,976.2,494.6,580.5,681.6,368.8,345.5,1119.0,386.1,741.0,1110.0,654.5,512.6,617.5,733.9,675.4,554.9,524.3,741.8,434.6,969.3
32,1002.0,917.3,948.2,989.5,877.9,910.4,356.2,941.9,660.9,918.2,766.4,405.6,904.7,864.7,794.6,467.7,938.0,981.3,1155.0,631.5,637.7,1071.0,910.7,950.8,892.5,810.2,961.2,554.2,800.7,651.1,919.5,793.2,892.3,649.0,1022.0,1007.0,874.9,1077.0,866.8,911.1,661.2,975.2,732.2,950.6,778.3,1075.0,987.1,928.9,596.5,968.1,1162.0,885.0,1191.0,720.2,1058.0,823.9,1056.0,646.9,937.2,918.7,876.2,731.7,964.4,954.9,870.1,931.0,902.2,592.8,919.8,870.7,1106.0,1074.0,711.1,735.0,878.8,888.5,439.1,1029.0,907.7,1041.0,911.8,787.2,803.9,921.4,559.6,598.1,1054.0,632.3,1101.0,1149.0,827.2,764.1,849.5,892.5,813.7,851.0,803.2,834.0,636.4,1039.0
33,113.6,67.57,78.13,67.83,43.09,89.17,391.6,181.3,112.2,189.2,401.3,422.7,60.69,92.73,552.1,375.9,79.31,75.31,123.2,17.92,228.3,154.0,136.1,126.8,58.11,189.2,91.77,27.75,213.8,127.0,61.4,87.77,125.1,132.4,67.4,308.2,154.9,164.3,48.02,219.8,198.6,79.27,418.5,313.6,684.7,122.9,145.4,71.86,35.06,330.3,158.6,50.32,186.3,87.67,247.7,53.47,157.2,165.9,382.4,68.3,71.41,133.0,201.2,154.3,938.6,94.46,130.2,388.8,62.94,74.27,227.6,350.6,477.6,103.5,342.1,57.99,500.0,62.48,99.65,203.9,32.07,270.0,210.4,304.8,49.43,351.1,60.97,61.19,452.8,148.3,138.5,562.3,153.9,175.2,50.46,220.0,108.5,89.04,81.53,132.8
34,111.3,132.0,99.77,141.7,106.4,95.86,370.5,140.1,147.3,163.3,283.4,278.6,122.3,112.4,203.6,331.1,100.7,64.82,114.7,27.83,87.23,86.73,85.5,154.8,110.5,158.5,111.9,30.98,209.2,158.0,109.5,117.3,126.0,164.6,67.97,101.8,170.5,88.27,50.63,84.87,202.6,137.1,144.4,123.3,257.2,109.8,98.14,123.6,56.41,191.9,111.7,88.19,106.2,70.4,165.8,92.92,111.5,163.1,285.6,111.2,158.6,129.7,174.0,131.9,581.8,133.5,112.4,119.8,122.7,118.4,84.57,109.0,271.2,119.1,93.86,93.56,418.2,56.54,135.3,50.85,51.61,246.8,197.0,86.56,48.74,131.2,65.71,98.63,115.3,109.6,140.8,266.5,181.8,157.2,107.2,83.61,147.0,112.2,76.36,92.83
35,224.3,88.7,135.2,196.3,65.57,70.65,341.8,130.2,160.1,287.5,202.9,189.7,96.77,98.05,159.4,306.8,96.7,155.8,261.1,24.47,136.0,210.5,83.9,202.2,69.06,174.5,129.9,17.18,297.3,288.2,150.7,108.7,134.6,156.4,194.3,159.7,276.9,165.8,166.0,86.97,201.2,152.1,126.7,153.1,156.5,247.5,159.6,85.45,72.48,197.6,142.4,120.8,201.6,147.0,215.0,59.8,103.2,261.6,251.0,109.6,127.3,167.7,228.5,174.0,291.1,155.3,126.1,93.18,137.0,136.2,216.9,119.4,182.7,231.7,97.35,149.0,333.3,102.3,126.2,112.2,56.71,253.8,273.6,114.8,81.99,150.9,114.1,75.68,165.1,205.1,165.8,152.1,172.4,184.0,71.99,111.5,125.9,218.5,97.48,214.5
36,111.8,41.74,43.64,34.96,18.6,24.26,303.1,92.34,124.5,141.3,136.5,149.1,42.33,18.15,164.4,261.8,24.58,15.58,29.03,13.14,106.5,94.65,38.4,88.84,21.01,142.5,49.94,7.625,194.9,177.1,64.16,82.02,84.21,141.7,41.31,116.5,158.0,57.85,33.81,40.59,161.2,49.77,113.8,146.4,156.4,98.0,123.0,37.95,29.27,125.7,25.98,27.04,45.83,56.73,142.2,23.17,46.49,206.0,157.3,32.8,47.5,123.5,143.1,119.9,178.4,68.98,71.76,87.34,33.58,42.17,100.3,72.58,124.9,113.6,75.14,45.8,257.5,18.39,67.86,37.55,1.114,196.7,190.9,89.79,30.59,152.6,9.106,64.34,158.3,43.09,128.0,116.1,103.6,138.4,35.93,77.58,99.78,97.04,73.23,65.08
37,68.93,40.35,31.03,18.91,16.51,13.15,261.1,84.81,122.0,111.5,106.1,118.3,39.17,9.391,118.9,226.1,13.97,5.294,12.58,13.55,64.71,36.58,26.15,68.78,16.2,130.5,45.3,5.728,154.4,170.8,21.14,75.79,82.28,139.3,11.33,57.01,137.1,37.99,6.476,18.5,147.1,25.82,100.3,69.96,112.3,63.26,49.32,35.74,27.32,60.78,23.89,20.9,16.87,49.94,64.03,21.93,41.77,161.0,106.5,26.45,41.94,119.9,129.6,53.51,123.4,57.19,69.34,76.64,26.42,32.37,36.74,58.66,100.2,95.31,37.04,34.68,205.0,10.5,55.68,5.887,0.7456,169.3,165.6,37.88,25.13,108.0,7.678,62.55,69.62,27.86,125.0,84.4,82.48,129.4,34.65,67.21,94.2,73.98,64.07,37.17
38,69.18,63.62,29.75,17.5,17.82,18.11,234.0,101.8,234.2,108.1,91.22,102.3,309.1,189.6,80.8,216.5,15.05,8.698,39.62,22.07,67.86,36.29,26.13,60.93,12.94,122.9,43.49,5.121,144.8,173.6,21.18,82.54,92.73,140.6,79.07,48.37,138.2,43.96,136.9,16.02,141.3,49.46,98.08,57.52,74.39,81.31,48.74,43.12,28.15,93.34,24.11,21.4,134.6,52.25,50.29,22.03,41.06,204.1,136.9,27.54,37.83,147.3,133.9,88.96,81.37,273.9,71.77,73.07,24.45,28.51,31.63,63.79,89.62,185.7,42.72,88.37,173.4,159.8,139.0,4.318,30.32,152.5,207.0,38.86,24.37,102.3,7.004,160.2,41.45,113.2,124.6,67.06,69.96,246.4,140.1,72.53,137.0,117.3,163.5,55.32
39,394.5,648.4,408.4,254.7,614.0,636.1,224.7,517.2,610.8,337.4,220.5,99.63,433.2,418.4,182.1,253.4,513.9,436.0,269.8,560.3,293.7,240.5,554.4,495.0,692.2,468.8,551.8,605.5,471.8,420.5,528.6,657.2,596.6,644.1,316.1,266.2,487.3,425.0,293.5,245.8,392.8,548.2,232.5,214.5,166.2,384.5,347.9,661.8,621.0,421.3,500.7,559.7,256.6,454.3,70.89,572.2,336.6,456.7,540.9,591.5,698.7,509.3,458.2,414.2,95.24,431.6,491.2,135.1,639.8,563.5,267.6,338.5,184.0,421.3,322.8,490.0,173.6,382.6,545.0,311.6,513.0,531.7,444.9,343.3,259.3,277.8,552.5,651.1,154.5,319.7,454.6,65.39,665.4,448.0,617.4,390.1,658.7,399.7,403.6,342.3
40,189.3,175.5,197.8,501.6,134.2,142.4,234.7,299.7,128.6,116.3,280.9,114.2,103.8,112.6,345.2,225.8,196.6,97.01,81.93,61.93,166.6,168.9,182.8,177.1,124.2,254.1,187.5,97.86,165.3,140.9,164.6,128.2,152.2,234.6,88.22,259.2,201.1,155.2,74.29,451.6,160.5,138.0,409.2,405.5,258.7,152.2,222.6,172.4,76.77,130.8,108.3,116.1,82.77,72.62,400.7,176.7,479.9,123.9,128.6,148.1,136.7,136.7,160.1,154.0,204.8,113.7,116.3,311.4,131.6,141.7,178.2,384.5,388.0,96.85,217.6,107.6,169.8,81.26,129.0,249.6,94.28,235.3,130.7,279.6,165.9,275.5,90.33,77.78,271.5,85.12,172.8,227.0,150.0,133.4,89.77,273.0,156.4,103.8,76.29,103.5
41,367.8,309.1,331.3,431.9,335.3,271.0,230.3,235.3,169.6,212.7,272.3,134.7,376.6,267.3,245.9,222.1,281.3,334.7,435.7,98.21,120.3,266.4,233.9,356.5,334.7,165.4,351.8,34.59,158.6,178.6,301.7,248.5,323.5,166.5,357.2,272.1,278.6,329.0,305.5,261.0,249.5,327.2,203.0,272.7,229.2,371.3,310.2,313.7,80.85,148.8,402.8,301.2,362.7,136.2,369.1,217.3,315.8,118.1,144.3,321.6,319.5,155.4,212.5,285.0,252.3,336.7,226.0,134.0,330.9,311.8,310.3,302.1,278.4,167.1,220.6,308.4,177.9,354.9,332.2,260.5,337.0,159.6,168.9,232.5,87.8,125.9,390.1,108.0,258.3,362.7,210.2,262.2,174.0,220.4,214.5,156.9,182.1,234.4,102.1,280.9
42,474.0,299.5,401.9,401.5,317.5,311.8,246.7,342.5,202.5,392.2,315.8,162.5,375.4,267.1,314.8,261.6,311.2,447.4,595.3,186.3,216.9,471.4,349.1,393.7,322.6,300.8,417.8,95.62,217.6,233.6,314.7,314.8,411.1,199.2,458.8,420.3,368.6,529.8,381.9,355.6,341.3,321.1,292.2,382.7,340.6,494.7,439.6,320.1,130.2,300.3,587.6,331.2,588.5,249.2,421.9,254.8,412.8,189.2,275.1,342.4,262.9,267.7,391.2,346.9,397.7,364.9,400.8,166.0,319.6,318.4,513.2,441.6,280.7,260.6,384.3,358.7,223.6,473.3,358.3,498.2,402.7,258.1,293.0,375.0,142.9,192.0,499.7,152.9,489.2,547.1,340.5,348.6,233.0,378.4,247.1,320.7,239.9,327.8,203.3,458.4
43,162.6,63.81,95.7,77.04,48.82,82.74,240.7,140.1,107.5,277.2,236.6,154.7,81.08,67.53,253.6,258.3,72.25,159.6,372.4,47.91,122.1,281.4,115.0,111.1,56.4,181.1,106.5,22.09,75.18,129.9,67.07,111.0,149.3,124.5,136.5,210.0,177.4,275.5,97.66,137.9,233.0,69.28,225.3,199.6,289.1,189.8,154.6,65.65,32.76,165.9,366.9,63.75,381.8,112.9,169.1,47.24,133.8,83.12,197.6,64.67,45.3,173.7,262.6,130.7,506.5,93.82,260.8,170.7,64.13,66.56,306.4,224.4,209.8,119.6,199.7,85.43,232.5,158.8,97.69,253.4,93.3,179.6,178.4,200.5,45.19,183.0,223.8,56.68,304.4,320.6,200.2,286.3,77.4,240.9,49.6,166.4,96.41,108.5,102.7,231.2
44,130.7,40.47,45.4,31.66,16.57,22.25,215.7,93.75,101.4,177.8,153.2,137.0,47.72,15.71,131.3,228.7,18.65,124.5,246.6,27.54,68.7,163.2,48.71,71.7,17.67,143.3,70.87,5.805,47.69,121.4,28.84,83.48,118.2,119.0,100.3,98.85,158.4,172.6,73.94,50.19,207.9,25.92,137.7,82.42,157.2,154.7,79.48,33.56,24.56,81.73,216.7,26.31,219.1,66.31,88.5,22.29,63.14,43.08,138.1,26.66,27.21,122.7,156.6,52.53,384.8,56.3,160.1,97.4,24.87,29.63,182.3,103.9,130.6,92.3,91.81,47.58,214.9,135.0,58.17,148.0,72.82,147.7,149.2,62.7,29.51,116.6,162.9,47.49,166.6,189.0,155.7,172.6,43.07,175.5,28.69,103.0,76.08,90.77,73.43,139.6
45,189.4,86.3,123.3,109.2,80.57,66.63,217.3,128.0,116.2,178.8,159.2,139.3,110.9,58.64,116.1,231.3,70.4,128.0,130.9,52.29,86.42,178.5,89.66,124.7,78.62,168.9,135.7,19.13,88.88,132.3,84.18,121.0,157.5,127.2,139.8,162.0,182.6,201.6,107.2,86.64,182.5,77.42,145.4,119.4,157.9,192.2,159.0,83.61,42.73,99.02,167.9,88.53,221.7,90.06,131.2,62.72,126.5,78.18,135.6,87.88,66.1,131.8,174.3,92.01,372.5,111.9,138.3,104.2,81.84,81.31,219.6,175.5,123.2,109.3,118.1,102.3,232.7,157.4,108.9,192.1,105.4,153.4,166.2,111.5,48.97,114.1,109.2,61.65,226.1,189.6,153.6,173.6,70.15,179.5,68.7,142.7,97.1,111.8,87.57,151.9
46,59.28,32.66,18.37,14.47,8.97,12.35,188.8,69.2,95.64,111.8,89.92,107.4,23.57,6.637,63.73,193.5,9.285,27.64,94.42,17.82,48.36,74.64,21.4,39.21,8.438,99.41,29.49,3.675,69.25,110.5,17.71,63.32,74.76,112.0,21.82,57.32,118.8,80.17,10.12,23.1,142.3,12.44,93.06,58.58,89.63,64.1,40.12,28.22,21.94,36.72,90.95,12.65,94.47,42.26,49.16,16.87,33.47,70.59,83.27,12.07,22.76,97.75,123.8,37.51,241.8,38.14,89.59,70.44,16.26,16.99,95.37,56.32,84.42,74.06,50.65,27.61,193.1,31.56,39.63,53.35,4.648,115.3,108.0,30.83,23.35,77.81,44.35,43.54,90.69,85.99,105.8,101.2,35.66,115.9,24.09,59.84,67.65,44.6,54.86,59.73
47,53.7,31.23,16.19,12.33,7.775,10.04,170.1,63.03,91.37,82.17,70.73,79.14,21.12,3.724,42.53,167.2,8.311,4.821,15.73,20.49,40.14,32.98,13.87,33.12,6.389,87.96,26.49,2.788,74.32,117.7,16.88,57.77,68.45,107.1,8.346,38.09,113.1,32.79,4.522,12.12,122.1,9.814,69.49,47.66,48.14,41.86,35.89,27.27,20.86,23.59,20.15,11.31,19.09,31.79,36.79,15.91,29.35,91.78,57.34,10.4,19.95,92.06,103.5,31.81,154.7,34.84,58.08,54.88,14.79,14.44,46.56,41.86,69.99,68.51,24.96,26.06,157.3,8.267,35.2,11.95,0.4155,98.86,94.58,20.32,20.82,64.48,2.966,40.84,38.73,20.22,93.86,72.81,29.27,97.32,22.54,49.41,63.75,39.74,50.24,24.76
48,51.38,29.59,14.13,10.73,6.626,9.581,153.7,58.75,86.31,72.4,58.79,58.17,18.73,2.355,34.23,150.7,7.521,3.052,8.326,19.46,35.68,31.7,12.28,27.65,4.785,80.47,23.92,2.124,79.97,121.8,16.04,52.57,65.8,101.6,6.717,32.92,107.6,31.04,4.12,10.43,112.7,7.558,59.56,45.42,29.0,38.49,33.95,25.88,19.72,15.22,12.25,10.01,14.58,29.4,29.0,14.97,26.82,107.0,38.87,8.766,16.95,86.43,99.75,28.71,105.1,31.52,54.19,51.24,13.23,12.06,41.72,38.03,61.53,63.06,19.39,24.51,138.3,7.854,31.33,4.858,0.3617,84.57,83.31,21.62,19.12,57.56,2.402,37.82,23.21,18.3,87.74,50.95,23.68,88.55,20.85,46.6,59.34,35.56,47.9,22.55
49,49.38,27.79,12.1,9.165,5.522,9.071,137.1,54.62,80.79,60.69,49.12,46.81,16.39,1.92,29.12,137.3,6.676,1.98,3.8,18.17,32.5,26.64,10.89,22.75,3.513,69.45,21.35,1.61,77.56,120.0,15.16,47.63,62.65,95.81,5.762,29.9,101.7,26.89,3.759,9.536,103.3,5.695,55.79,43.19,21.29,35.02,31.84,24.19,18.54,9.741,9.398,8.699,6.532,25.74,22.56,13.96,24.49,101.1,26.33,7.183,14.04,78.72,85.91,25.5,63.49,28.13,48.25,48.52,11.79,9.765,38.44,35.06,55.47,57.68,18.01,22.87,114.3,7.399,27.77,3.261,0.2877,71.88,71.14,21.78,17.71,51.34,1.927,34.64,18.68,10.46,81.52,37.99,18.63,79.72,19.07,43.69,54.64,31.37,42.94,18.44
50,63.44,27.03,27.37,28.27,4.759,8.875,125.4,52.52,80.05,68.99,43.39,42.22,35.69,9.587,27.53,130.1,17.81,19.23,24.55,18.49,33.97,38.7,9.94,36.87,2.705,62.55,23.46,1.287,86.64,131.1,30.74,44.8,61.7,93.62,30.41,31.42,117.7,26.01,14.09,9.042,99.33,22.72,55.48,47.48,19.34,47.14,39.92,23.42,28.36,16.89,8.523,26.04,38.76,36.1,25.08,13.48,23.2,107.6,18.93,6.069,32.24,76.06,81.51,29.98,43.75,74.67,46.69,47.65,31.59,19.66,44.33,33.47,54.99,71.42,20.35,40.53,94.19,28.33,25.7,2.176,0.2428,63.65,82.31,25.81,29.53,50.38,1.632,33.03,18.92,23.53,78.53,33.52,15.14,78.4,18.08,42.41,52.26,46.78,45.25,29.68
51,303.7,440.5,233.1,96.93,387.8,491.1,123.7,326.0,486.6,273.6,122.7,52.85,468.0,438.7,102.3,159.0,392.2,298.0,257.8,365.6,233.7,156.0,365.9,282.3,447.4,246.8,328.7,315.4,280.0,308.1,373.8,407.5,400.7,322.6,334.7,184.6,317.4,315.8,363.2,149.7,303.1,423.4,98.85,149.9,80.1,282.9,251.6,448.2,368.4,311.4,319.7,376.4,281.0,292.5,56.23,336.1,184.2,362.7,376.5,409.9,462.3,328.5,295.4,399.0,42.44,433.7,344.8,77.08,422.6,385.1,253.0,224.0,120.6,381.6,212.6,378.8,79.29,377.9,451.8,169.2,346.2,243.7,310.1,231.5,127.3,131.2,361.7,477.4,94.17,323.5,268.4,37.24,404.5,407.9,472.2,262.3,492.2,325.2,324.4,265.1
52,326.7,268.2,324.1,629.5,298.1,243.0,139.3,300.7,117.5,137.6,197.5,85.95,215.3,228.1,324.7,148.0,269.8,251.6,208.3,81.4,176.4,320.8,232.5,282.8,285.9,255.9,323.2,123.8,156.8,157.8,314.9,205.4,243.8,263.0,230.0,362.4,286.5,255.1,190.6,470.6,150.9,256.2,334.9,491.2,297.9,298.1,338.1,272.4,97.6,187.3,228.4,214.9,220.8,93.97,467.1,273.8,540.4,148.0,136.4,281.8,265.3,123.1,224.2,271.4,162.4,223.2,169.3,226.4,250.3,262.8,277.8,398.9,292.4,99.36,300.7,215.2,101.5,229.0,211.8,359.9,233.7,224.3,134.4,363.7,292.9,218.2,211.9,79.38,349.2,211.7,194.0,229.9,208.5,142.0,162.7,245.7,155.2,147.0,93.7,201.0
53,186.6,157.6,155.2,182.9,145.1,154.0,126.9,125.0,78.72,79.51,146.5,105.9,153.4,143.7,205.1,127.2,151.6,147.5,167.2,33.97,70.37,122.6,115.3,152.2,143.7,82.55,162.2,9.378,41.63,85.2,157.9,109.7,137.7,86.1,154.3,175.8,145.8,158.5,132.9,160.3,118.6,158.9,151.9,191.3,210.6,174.3,172.3,157.8,29.51,65.5,155.2,135.9,159.7,45.33,219.9,99.6,170.7,46.53,92.41,151.1,146.0,70.52,81.59,161.7,214.3,156.8,78.69,105.3,149.0,142.8,175.5,180.4,188.1,63.36,156.6,130.2,108.8,161.5,135.9,141.0,138.8,72.1,75.59,163.0,35.07,85.73,136.4,39.28,176.4,153.1,86.32,234.6,72.48,95.74,83.03,81.94,77.35,78.47,43.14,103.1
54,205.1,101.5,139.6,170.8,112.5,108.4,124.4,112.1,70.43,171.6,123.8,111.6,142.9,95.55,152.5,134.6,104.1,207.3,402.7,35.58,55.37,224.9,105.9,141.6,117.5,100.9,156.1,7.509,40.61,88.96,110.3,109.2,178.0,79.55,192.3,171.2,153.3,263.3,159.1,129.6,146.4,110.3,110.3,158.4,173.5,217.5,167.4,113.3,19.52,54.42,362.5,117.4,353.2,72.08,148.9,69.13,151.9,43.36,95.14,115.5,88.16,90.34,173.9,123.3,259.7,127.3,196.6,55.4,109.3,109.3,287.0,177.6,134.3,66.29,150.8,121.9,123.0,215.5,118.1,223.1,164.1,80.11,94.65,150.5,36.36,54.21,260.7,29.53,218.5,315.3,110.6,202.1,47.78,145.1,56.42,86.34,57.03,81.86,56.41,181.6
55,505.5,193.7,297.0,332.4,244.6,175.2,132.9,227.9,129.2,487.1,230.1,115.7,322.4,186.6,140.6,196.6,173.0,562.3,803.1,215.2,171.3,543.6,218.8,323.0,250.4,331.8,354.8,56.59,193.6,281.3,195.6,289.5,451.9,122.8,514.1,358.7,384.4,623.4,496.8,190.9,369.9,187.5,221.1,187.4,222.2,553.3,327.4,203.3,80.92,171.1,755.5,244.3,709.6,284.0,211.8,167.3,264.5,142.3,183.4,222.7,190.4,284.9,478.4,169.2,423.2,238.4,531.7,128.7,216.5,239.1,601.4,347.5,132.3,274.4,256.7,294.0,168.9,585.4,260.1,562.1,495.5,233.7,327.6,221.6,120.2,143.5,686.1,83.71,475.1,657.3,382.9,237.8,116.5,434.9,157.1,308.6,126.4,326.8,227.3,527.3
56,523.6,432.2,464.8,498.4,423.2,454.2,176.5,427.0,262.1,426.5,343.8,182.3,440.3,417.7,386.1,271.9,446.6,507.8,591.7,262.0,324.1,536.8,445.7,437.4,433.9,389.3,468.3,191.4,266.4,262.4,445.6,376.7,443.4,250.0,532.1,541.4,413.7,568.2,434.0,475.3,346.3,456.0,438.6,502.8,472.7,560.2,518.6,443.3,224.9,416.6,607.7,415.4,678.5,304.2,490.8,379.7,496.4,253.5,395.3,446.4,408.4,304.5,460.5,469.1,650.4,442.1,423.2,332.3,442.2,410.9,646.1,558.1,318.5,307.5,495.7,421.0,249.8,534.6,421.9,583.6,461.6,317.7,367.8,511.3,214.9,325.3,506.1,237.5,657.7,624.9,343.8,448.4,355.0,409.3,359.5,421.4,328.2,351.8,265.8,486.0
57,96.53,55.21,59.13,41.96,34.06,65.91,163.2,98.33,71.1,106.2,186.6,172.0,35.54,49.71,207.5,213.0,59.71,76.32,56.77,31.03,86.42,101.6,76.06,60.97,40.55,111.7,64.84,15.03,38.91,79.1,61.94,78.85,86.87,83.93,64.47,124.2,117.9,126.1,45.53,97.44,135.9,59.57,164.8,133.0,257.1,86.03,89.07,55.9,26.21,114.5,81.9,47.64,111.1,51.76,103.4,41.12,80.92,45.85,191.3,50.84,41.47,78.92,107.1,86.77,535.8,65.28,75.06,132.8,54.03,42.39,135.3,121.4,175.5,65.23,137.8,54.96,238.1,75.1,64.52,136.1,42.15,135.3,118.1,125.4,33.47,122.3,42.95,37.27,194.5,98.81,80.16,251.8,65.16,104.0,44.71,88.47,62.85,48.52,55.82,82.57
58,41.55,19.2,7.229,6.067,5.005,10.75,153.7,55.06,64.97,101.5,110.6,147.9,9.662,11.27,98.81,191.2,5.196,31.65,92.05,18.29,45.58,68.5,14.71,23.96,8.737,95.83,14.48,4.916,36.14,77.42,10.96,57.82,55.11,78.1,19.52,47.42,96.38,66.26,12.59,24.97,137.1,8.49,79.13,45.67,116.1,39.58,23.84,20.61,16.3,57.65,87.13,7.856,83.96,29.42,36.15,11.44,18.04,39.01,132.5,6.75,16.99,75.51,111.9,22.56,293.4,19.02,82.99,54.2,10.8,10.6,88.39,37.26,107.7,49.55,50.08,16.67,216.6,22.64,25.71,48.4,9.193,114.6,110.0,28.09,20.3,58.85,42.46,27.4,71.78,79.79,71.28,134.7,31.15,89.53,14.06,37.35,39.85,22.23,46.78,53.38
59,64.3,33.09,32.81,37.09,20.81,11.51,148.7,51.95,68.79,98.94,78.56,116.3,19.72,21.19,42.52,168.5,19.42,60.84,82.43,21.65,33.04,68.45,10.53,50.9,14.42,92.56,32.21,5.709,58.97,90.25,31.41,60.27,69.5,78.99,44.86,35.47,106.1,57.95,36.57,9.738,121.3,30.23,46.54,33.09,52.36,66.49,37.49,33.49,25.22,45.66,50.38,32.18,70.77,47.55,35.27,13.7,19.45,58.42,100.3,20.75,40.13,94.41,128.4,19.91,173.0,39.55,75.17,37.87,34.44,31.51,91.53,27.68,73.91,56.68,19.57,45.39,194.8,22.62,33.5,31.06,27.4,107.2,121.1,15.9,27.17,48.39,17.86,28.94,41.37,82.87,61.06,82.13,32.76,92.29,18.92,40.14,43.3,39.96,61.4,61.19
60,52.67,21.29,23.89,20.14,7.27,16.77,144.5,50.25,70.07,74.42,62.27,89.56,25.68,15.33,36.01,154.4,14.79,18.68,21.15,18.7,38.04,42.86,15.06,32.53,7.391,87.5,16.27,4.911,72.73,93.14,29.59,51.38,54.79,76.81,23.18,48.55,103.0,43.27,21.7,19.0,108.3,22.72,39.23,55.18,38.28,44.11,48.17,23.33,17.83,50.65,9.951,20.55,45.56,29.41,48.53,13.01,18.52,84.09,69.17,11.36,26.04,66.98,89.6,44.77,118.8,46.6,43.95,39.56,23.25,26.09,72.13,36.74,59.27,55.63,26.38,28.07,162.6,18.59,25.25,35.91,3.296,92.31,110.8,38.9,26.37,62.44,4.244,29.1,58.05,26.0,57.88,55.67,30.31,70.05,15.93,43.5,41.48,32.73,52.78,36.1
